{"val_loss": [0.0002442767317319342, 0.00025613334900775295, 0.00022147459052789087, 0.0002240051295987236, 0.00025224210643994325, 0.00026345914769877244, 0.00024063716628455541, 0.00024010690258981988, 0.0002442768187822583, 0.00022076041931226386, 0.00024663993526084023, 0.0002483108956209424, 0.00023636926877413172, 0.00024527061973965875, 0.00026657550371880366, 0.00024467436432542276, 0.00025349629286374213, 0.00023458160127855763, 0.0002733171960084704, 0.00026188319597704847, 0.00024921209529031536, 0.0002550974235856494, 0.00024542595210615224, 0.0002451466824814329, 0.0002446851388882847, 0.0002387359469543476, 0.00024268221402710822, 0.0002620331610128439, 0.0002604055055283272, 0.00027674535071723835, 0.00024075358212055544, 0.0002588239141192237, 0.00025952024794321046, 0.00023792317059000487, 0.0002895546293802705, 0.0002521549049081658, 0.0002346666275152876, 0.00025294729491255174, 0.00024914461978963473, 0.00024280069470887432, 0.0002485708146017443, 0.0002667070466746768, 0.000238107803217407, 0.00023773027909371167, 0.0002364726042501896, 0.00023371772322365236, 0.0002743624090782481, 0.0002347374038890083, 0.0002557206262169177, 0.0002269236317887851], "loss": [0.00019087485779211726, 0.00018220485430689545, 0.000178851054793128, 0.00018708315233495435, 0.00018699829163090718, 0.00018523834780659353, 0.00019437450622904732, 0.0001912207986912516, 0.0002021383233020239, 0.00018741989627406522, 0.00017466338500424035, 0.0001710518423759457, 0.00017828076825451072, 0.00017577834918585858, 0.00017750055301242516, 0.00017572270840119188, 0.00017169483025584404, 0.00017767818176805557, 0.00017451013318180308, 0.00017067207772585033, 0.00017322556849538618, 0.00019016528219772312, 0.00017790080754795747, 0.0001696514896232478, 0.00016782141174189746, 0.0001671692732097059, 0.00018928461611841013, 0.0001693105092000164, 0.00016788604735096517, 0.00017007295807679925, 0.00017376950703709273, 0.00016516109305068363, 0.00016726857985839875, 0.00016831020151687108, 0.00017191992200058057, 0.00017427922567574602, 0.00016117747475950168, 0.00016562471666186178, 0.000175626797190319, 0.00017809245477552377, 0.00016204474148967207, 0.00016164049820617608, 0.00016666487088888256, 0.00016767477369693186, 0.0001594801238633553, 0.00016191903519156936, 0.0001604443025409688, 0.00017062309108322016, 0.00016886583335205878, 0.00016159892191557718]}